"Main Device","Site","External service type","Company","Trade-in code","Additional Info","Device trade-in amount","Enhanced trade-in discount"
"GU43BU8079UXZG","de","null","null","null","null","null","null"
"GU75BU8079UXZG","de","null","null","null","null","null","null"
"GU65BU8079UXZG","de","null","null","null","null","null","null"
"GU50BU8079UXZG","de","null","null","null","null","null","null"
"GU55BU8079UXZG","de","null","null","null","null","null","null"
"GU85BU8079UXZG","de","null","null","null","null","null","null"
"NV75A667NRS","de","null","null","null","null","null","null"
"GQ55QN90BATXZG","de","null","null","null","null","null","null"
"GQ43QN90BATXZG","de","null","null","null","null","null","null"
"GQ75QN90BATXZG","de","null","null","null","null","null","null"
"GQ50QN90BATXZG","de","null","null","null","null","null","null"
"GQ85QN90BATXZG","de","null","null","null","null","null","null"
"GQ65QN90BATXZG","de","null","null","null","null","null","null"
"RS6GA8842B1","de","null","null","null","null","null","null"
"GQ65Q95TDTXZG","de","null","null","null","null","null","null"
"GQ75Q95TDTXZG","de","null","null","null","null","null","null"
"GQ55Q95TDTXZG","de","null","null","null","null","null","null"
"WW9GT754AWH","de","null","null","null","null","null","null"
"MZ-V8P500BW","de","null","null","null","null","null","null"
"VCA-SP","de","null","null","null","null","null","null"
"ADIDASBLACK22U","de","null","null","null","null","null","null"
"WW71T4543AE","de","null","null","null","null","null","null"
"ADIDASPOUCHUNI","de","null","null","null","null","null","null"
"MB-MD256KB","de","null","null","null","null","null","null"
"DF60A8500CG/E2","de","null","null","null","null","null","null"
"S32AG520PU","de","null","null","null","null","null","null"
"NZ64N7757GK/E1","de","null","null","null","null","null","null"
"EF-VF721L","de","null","null","null","null","null","null"
"RZ32A748548/EG","de","null","null","null","null","null","null"
"EP-TA800N","de","null","null","null","null","null","null"
"RL38A776ASR/EG","de","null","null","null","null","null","null"
"LS55BG970","de","null","null","null","null","null","null"
"RL38A7B5BB1/EG","de","null","null","null","null","null","null"
"VCA-TAB","de","null","null","null","null","null","null"
"VG-SCFT50BW/XC","de","null","null","null","null","null","null"
"EF-QA135","de","null","null","null","null","null","null"
"VG-SCFT65BW/XC","de","null","null","null","null","null","null"
"LS34BG850","de","null","null","null","null","null","null"
"VG-SCFM43PM/XC","de","null","null","null","null","null","null"
"MZ-V8P250","de","null","null","null","null","null","null"
"VG-SCFN65LP/XC","de","null","null","null","null","null","null"
"VCA-SAE903","de","null","null","null","null","null","null"
"DV8FTA220DW/EG","de","null","null","null","null","null","null"
"WW80T754ABT","de","null","null","null","null","null","null"
"DV8GA6225LH/S2","de","null","null","null","null","null","null"
"EF-QA136T","de","null","null","null","null","null","null"
"DV91BB5245ABS2","de","null","null","null","null","null","null"
"DV91BBA245AWEG","de","null","null","null","null","null","null"
"WD81T534ABW","de","null","null","null","null","null","null"
"DW60R7050SG/EG","de","null","null","null","null","null","null"
"RA-B23MNN","de","null","null","null","null","null","null"
"DW60R7050SS/EG","de","null","null","null","null","null","null"
"MZ-V8P500","de","null","null","null","null","null","null"
"DW60R7050US/EG","de","null","null","null","null","null","null"
"CFX-C100","de","null","null","null","null","null","null"
"NV70K3370BS/EG","de","null","null","null","null","null","null"
"EF-DT630","de","null","null","null","null","null","null"
"SM-A336BZOGEUB","de","null","null","null","null","null","null"
"SM-A336BLBGEUB","de","null","null","null","null","null","null"
"SM-A336BZKGEUB","de","null","null","null","null","null","null"
"SM-A336BZWGEUB","de","null","null","null","null","null","null"
"MZ-V7S2T0","de","null","null","null","null","null","null"
"SM-A526BZKDEUB","de","null","null","null","null","null","null"
"GP-FPU022","de","null","null","null","null","null","null"
"NP935QDB-KA1DE","de","null","null","null","null","null","null"
"EF-PG998","de","null","null","null","null","null","null"
"SM-R180NZNAEUA","de","null","null","null","null","null","null"
"SM-R180NZWAEUA","de","null","null","null","null","null","null"
"SM-R180NZKAEUA","de","null","null","null","null","null","null"
"SM-R180NZRAEUA","de","null","null","null","null","null","null"
"SM-R180NZTAEUA","de","null","null","null","null","null","null"
"SM-R180NZBAEUA","de","null","null","null","null","null","null"
"NP750XED-KB3","de","null","null","null","null","null","null"
"NP750XED-KB4","de","null","null","null","null","null","null"
"XE520QEA-KF1DE","de","null","null","null","null","null","null"
"ET-SFR91L","de","null","null","null","null","null","null"
"XE345XDA-KA1DE","de","null","null","null","null","null","null"
"QN85AAT","de","null","null","null","null","null","null"
"XE525QEA-KF1DE","de","null","null","null","null","null","null"
"EJ-PP610","de","null","null","null","null","null","null"
"SM-M127FZKWEUB","de","null","null","null","null","null","null"
"EF-EA336","de","null","null","null","null","null","null"
"SM-M135FLBUEUB","de","null","null","null","null","null","null"
"SM-M135FIDUEUB","de","null","null","null","null","null","null"
"SM-M135FZGUEUB","de","null","null","null","null","null","null"
"WW81T684AHH","de","null","null","null","null","null","null"
"SM-M225FLBGEUB","de","null","null","null","null","null","null"
"SM-M225FZKGEUB","de","null","null","null","null","null","null"
"SM-X806STD","de","null","null","null","null","null","null"
"SM-M236BZGGEUB","de","null","null","null","null","null","null"
"SM-M236BLBGEUB","de","null","null","null","null","null","null"
"SM-M236BIDGEUB","de","null","null","null","null","null","null"
"HW-B4","de","null","null","null","null","null","null"
"SM-M336BZBGEUB","de","null","null","null","null","null","null"
"SM-M336BZNGEUB","de","null","null","null","null","null","null"
"SM-M336BZGGEUB","de","null","null","null","null","null","null"
"AU7199U","de","null","null","null","null","null","null"
"SM-M536BZBDEUB","de","null","null","null","null","null","null"
"SM-M536BZGDEUB","de","null","null","null","null","null","null"
"SM-M536BZNDEUB","de","null","null","null","null","null","null"
"EP-N5100","de","null","null","null","null","null","null"
"SM-G781BLVDEUB","de","null","null","null","null","null","null"
"SM-G781BZWDEUB","de","null","null","null","null","null","null"
"SM-G781BZRDEUB","de","null","null","null","null","null","null"
"SM-G781BZODEUB","de","null","null","null","null","null","null"
"SM-G781BZGDEUB","de","null","null","null","null","null","null"
"SM-G781BZBDEUB","de","null","null","null","null","null","null"
"DW60A8060BB","de","null","null","null","null","null","null"
"SM-G991BZADEUB","de","null","null","null","null","null","null"
"SM-G991BZVDEUB","de","TRADE_IN","null","null","null","null","null"
"SM-G991BZIDEUB","de","null","null","null","null","null","null"
"SM-G991BZVGEUB","de","null","null","null","null","null","null"
"EF-OF93KK","de","null","null","null","null","null","null"
"SM-G990BZADEUB","de","null","null","null","null","null","null"
"ADIDAS-S22U","de","null","null","null","null","null","null"
"SM-G990BLVWEUB","de","null","null","null","null","null","null"
"SM-G990BZAWEUB","de","null","null","null","null","null","null"
"SM-G990BLVFEUB","de","null","null","null","null","null","null"
"SM-G990BZAFEUB","de","null","null","null","null","null","null"
"SM-G990BLGFEUB","de","null","null","null","null","null","null"
"SM-G990BLGWEUB","de","null","null","null","null","null","null"
"SM-G990BZWWEUB","de","null","null","null","null","null","null"
"SM-G990BZWFEUB","de","null","null","null","null","null","null"
"EF-ZG996","de","null","null","null","null","null","null"
"SM-G998BZTGEUB","de","null","null","null","null","null","null"
"SM-G998BZSGEUB","de","null","null","null","null","null","null"
"SM-G998BZSDEUB","de","null","null","null","null","null","null"
"ET-SFR92","de","null","null","null","null","null","null"
"ET-SFR92L","de","null","null","null","null","null","null"
"SM-S901BZKDEUB","de","null","null","null","null","null","null"
"SM-S901BZGDEUB","de","null","null","null","null","null","null"
"SM-S901BLVGEUB","de","null","null","null","null","null","null"
"SM-S901BIDGEUB","de","null","null","null","null","null","null"
"SM-S901BZWDEUB","de","null","null","null","null","null","null"
"SM-S901BZWGEUB","de","null","null","null","null","null","null"
"SM-S901BZKGEUB","de","null","null","null","null","null","null"
"SM-S901BIDDEUB","de","null","null","null","null","null","null"
"SM-S901BZGGEUB","de","null","null","null","null","null","null"
"SM-S901BLVDEUB","de","null","null","null","null","null","null"
"VG-SCFA75","de","null","null","null","null","null","null"
"SM-S901BZAGEUB","de","null","null","null","null","null","null"
"SM-S901BLBDEUB","de","null","null","null","null","null","null"
"SM-S901BZVDEUB","de","null","null","null","null","null","null"
"SM-S901BZADEUB","de","null","null","null","null","null","null"
"SM-S901BZEDEUB","de","null","null","null","null","null","null"
"SM-S901BZVGEUB","de","null","null","null","null","null","null"
"SM-S901BZEGEUB","de","null","null","null","null","null","null"
"SM-S901BLBGEUB","de","null","null","null","null","null","null"
"SM-S908BZWHEUB","de","null","null","null","null","null","null"
"SM-S908BDRDEUB","de","null","null","null","null","null","null"
"SM-S908BZGDEUB","de","null","null","null","null","null","null"
"SM-S908BZGPEUB","de","null","null","null","null","null","null"
"SM-S908BZKHEUB","de","null","null","null","null","null","null"
"SM-S908BZKPEUB","de","null","null","null","null","null","null"
"SM-S908BZWPEUB","de","null","null","null","null","null","null"
"SM-S908BDRGEUB","de","null","null","null","null","null","null"
"SM-S908BDRHEUB","de","null","null","null","null","null","null"
"SM-S908BZWGEUB","de","null","null","null","null","null","null"
"SM-S908BZKDEUB","de","null","null","null","null","null","null"
"SM-S908BZGHEUB","de","null","null","null","null","null","null"
"SM-S908BZKGEUB","de","null","null","null","null","null","null"
"SM-S908BDRPEUB","de","null","null","null","null","null","null"
"SM-S908BZWDEUB","de","null","null","null","null","null","null"
"SM-S908BZGGEUB","de","null","null","null","null","null","null"
"SM-R910N","de","null","null","null","null","null","null"
"SM-S908BZAGEUB","de","null","null","null","null","null","null"
"SM-S908BZRGEUB","de","null","null","null","null","null","null"
"SM-S908BLBDEUB","de","null","null","null","null","null","null"
"SM-S908BZAPEUB","de","null","null","null","null","null","null"
"SM-S908BLBHEUB","de","null","null","null","null","null","null"
"SM-S908BZAHEUB","de","null","null","null","null","null","null"
"SM-S908BZADEUB","de","null","null","null","null","null","null"
"SM-S908BZRHEUB","de","null","null","null","null","null","null"
"SM-S908BZRDEUB","de","null","null","null","null","null","null"
"SM-S908BLBGEUB","de","null","null","null","null","null","null"
"SM-S908BZRPEUB","de","null","null","null","null","null","null"
"EP-P3105","de","null","null","null","null","null","null"
"SM-S906BZADEUB","de","null","null","null","null","null","null"
"SM-S906BLBGEUB","de","null","null","null","null","null","null"
"SM-S906BZVGEUB","de","null","null","null","null","null","null"
"SM-S906BZAGEUB","de","null","null","null","null","null","null"
"SM-S906BZEDEUB","de","null","null","null","null","null","null"
"SM-S906BZEGEUB","de","null","null","null","null","null","null"
"SM-S906BZVDEUB","de","null","null","null","null","null","null"
"SM-S906BLBDEUB","de","null","null","null","null","null","null"
"RH68B852","de","null","null","null","null","null","null"
"SM-S906BIDGEUB","de","null","null","null","null","null","null"
"SM-S906BZWGEUB","de","null","null","null","null","null","null"
"SM-S906BZGDEUB","de","null","null","null","null","null","null"
"SM-S906BZKGEUB","de","null","null","null","null","null","null"
"SM-S906BZKDEUB","de","null","null","null","null","null","null"
"SM-S906BZGGEUB","de","null","null","null","null","null","null"
"SM-S906BIDDEUB","de","null","null","null","null","null","null"
"SM-S906BZWDEUB","de","null","null","null","null","null","null"
"MU-PC2T0T","de","null","null","null","null","null","null"
"EI-T5300BAEGEU","de","null","null","null","null","null","null"
"EI-T5300MBEGEU","de","null","null","null","null","null","null"
"EI-T5300BBEGEU","de","null","null","null","null","null","null"
"RA-EUT","de","null","null","null","null","null","null"
"EI-T7300BLEGEU","de","null","null","null","null","null","null"
"EI-T7300BBEGEU","de","null","null","null","null","null","null"
"EO-IC100","de","null","null","null","null","null","null"
"SM-T225NZAAEUB","de","null","null","null","null","null","null"
"SM-T225NZSAEUB","de","null","null","null","null","null","null"
"VR50T95735W","de","null","null","null","null","null","null"
"SM-T220NZAAEUB","de","null","null","null","null","null","null"
"SM-T220NZSAEUB","de","null","null","null","null","null","null"
"RR39M7305S9","de","null","null","null","null","null","null"
"SM-T500NZAAEUB","de","null","null","null","null","null","null"
"MB-MC","de","null","null","null","null","null","null"
"SM-X205NZAAEUB","de","null","null","null","null","null","null"
"SM-X205NIDAEUB","de","null","null","null","null","null","null"
"SM-X205NZSAEUB","de","null","null","null","null","null","null"
"EB-P3300","de","null","null","null","null","null","null"
"SM-X200NZSAEUB","de","null","null","null","null","null","null"
"SM-X200NZAAEUB","de","null","null","null","null","null","null"
"SM-X200NIDAEUB","de","null","null","null","null","null","null"
"EF-LPUN3","de","null","null","null","null","null","null"
"SM-P619NZBADBT","de","null","null","null","null","null","null"
"SM-P619NZAEDBT","de","null","null","null","null","null","null"
"SM-P619NZAADBT","de","null","null","null","null","null","null"
"SM-F936MTO","de","null","null","null","null","null","null"
"SM-F936STD","de","null","null","null","null","null","null"
"SM-P613NZAADBT","de","null","null","null","null","null","null"
"SM-P613NZBADBT","de","null","null","null","null","null","null"
"SM-P613NZAEDBT","de","null","null","null","null","null","null"
"GP-XVF72","de","null","null","null","null","null","null"
"SM-T736BZKAEUB","de","null","null","null","null","null","null"
"SM-T736BZSAEUB","de","null","null","null","null","null","null"
"RH69B804","de","null","null","null","null","null","null"
"SM-T733NZKAEUB","de","null","null","null","null","null","null"
"SM-T733NZSAEUB","de","null","null","null","null","null","null"
"SM-T733NLIAEUB","de","null","null","null","null","null","null"
"SM-T733NLGAEUB","de","null","null","null","null","null","null"
"SM-T976BZKEEUB","de","null","null","null","null","null","null"
"SM-X900STD","de","null","null","null","null","null","null"
"SM-X706BZSAEUB","de","null","null","null","null","null","null"
"SM-X706BZSBEUB","de","null","null","null","null","null","null"
"SM-X706BZABEUB","de","null","null","null","null","null","null"
"SM-X706BIDAEUB","de","null","null","null","null","null","null"
"SM-X706BZAAEUB","de","null","null","null","null","null","null"
"SM-X706BIDBEUB","de","null","null","null","null","null","null"
"RL34T600CS9","de","null","null","null","null","null","null"
"RL34T665ES9","de","null","null","null","null","null","null"
"SM-X906BZAFEUB","de","null","null","null","null","null","null"
"SM-X906BZAEEUB","de","null","null","null","null","null","null"
"SM-X906BZAAEUB","de","null","null","null","null","null","null"
"RS6GA8521S9","de","null","null","null","null","null","null"
"RS6GA8531S9","de","null","null","null","null","null","null"
"RS6GA8831S9","de","null","null","null","null","null","null"
"RS6JA8511S9","de","null","null","null","null","null","null"
"RS6JA8811S","de","null","null","null","null","null","null"
"SM-X900NZAAEUB","de","null","null","null","null","null","null"
"SM-X900NZAEEUB","de","null","null","null","null","null","null"
"SM-X900NZAFEUB","de","null","null","null","null","null","null"
"C27T550FDR","de","null","null","null","null","null","null"
"SM-X700NZABEUB","de","null","null","null","null","null","null"
"SM-X700NIDAEUB","de","null","null","null","null","null","null"
"SM-X700NIDBEUB","de","null","null","null","null","null","null"
"SM-X700NZSBEUB","de","null","null","null","null","null","null"
"SM-X700NZSAEUB","de","null","null","null","null","null","null"
"SM-X700NZAAEUB","de","null","null","null","null","null","null"
"S34A650UXU","de","null","null","null","null","null","null"
"SM-X806BZAAEUB","de","null","null","null","null","null","null"
"SM-X806BZSBEUB","de","null","null","null","null","null","null"
"SM-X806BZSAEUB","de","null","null","null","null","null","null"
"SM-X806BZABEUB","de","null","null","null","null","null","null"
"SM-X806BIDBEUB","de","null","null","null","null","null","null"
"SM-X806BIDAEUB","de","null","null","null","null","null","null"
"RZ32M711ES9","de","null","null","null","null","null","null"
"SM-X800NZAAEUB","de","null","null","null","null","null","null"
"SM-X800NZSAEUB","de","null","null","null","null","null","null"
"SM-X800NIDAEUB","de","null","null","null","null","null","null"
"SM-X800NZSBEUB","de","null","null","null","null","null","null"
"SM-X800NZABEUB","de","null","null","null","null","null","null"
"SM-X800NIDBEUB","de","null","null","null","null","null","null"
"MC28M6035","de","null","null","null","null","null","null"
"SM-R865FZSADBT","de","null","null","null","null","null","null"
"SM-R865FZDADBT","de","null","null","null","null","null","null"
"SM-R865FZKADBT","de","null","null","null","null","null","null"
"GQ43LS01B","de","null","null","null","null","null","null"
"SM-R860NZSADBT","de","null","null","null","null","null","null"
"SM-R860NZDADBT","de","null","null","null","null","null","null"
"SM-R860NZDDWEU","de","null","null","null","null","null","null"
"SM-R860NZKADBT","de","null","null","null","null","null","null"
"SM-R860NZSDWEU","de","null","null","null","null","null","null"
"SM-R860NZKDWEU","de","null","null","null","null","null","null"
"RL38A7B63B1","de","null","null","null","null","null","null"
"SM-R875FZKADBT","de","null","null","null","null","null","null"
"SM-R875FZGADBT","de","null","null","null","null","null","null"
"SM-R875FZSADBT","de","null","null","null","null","null","null"
"S27BM500EU","de","null","null","null","null","null","null"
"SM-R870NZGDWEU","de","null","null","null","null","null","null"
"SM-R870NZKADBT","de","null","null","null","null","null","null"
"SM-R870NZSADBT","de","null","null","null","null","null","null"
"SM-R870NZKDWEU","de","null","null","null","null","null","null"
"SM-R870NZSDWEU","de","null","null","null","null","null","null"
"EF-RS908","de","null","null","null","null","null","null"
"SM-R885FZKADBT","de","null","null","null","null","null","null"
"SM-R885FZSADBT","de","null","null","null","null","null","null"
"DV81TA220AE","de","null","null","null","null","null","null"
"SM-R895FZSADBT","de","null","null","null","null","null","null"
"SM-R895FZKADBT","de","null","null","null","null","null","null"
"MZ-77E250","de","null","null","null","null","null","null"
"SM-R880NZKDWEU","de","null","null","null","null","null","null"
"SM-R880NZKADBT","de","null","null","null","null","null","null"
"SM-R880NZSDWEU","de","null","null","null","null","null","null"
"VS20T75D6R5","de","null","null","null","null","null","null"
"SM-R890NZKDWEU","de","null","null","null","null","null","null"
"SM-R890NZKADBT","de","null","null","null","null","null","null"
"SM-R890NZSDWEU","de","null","null","null","null","null","null"
"SM-R890NZSADBT","de","null","null","null","null","null","null"
"MA-CF","de","null","null","null","null","null","null"
"SM-R900NZSDWEU","de","null","null","null","null","null","null"
"SM-R900NZADWEU","de","null","null","null","null","null","null"
"SM-R900NZSADBT","de","null","null","null","null","null","null"
"SM-R900NZAADBT","de","null","null","null","null","null","null"
"SM-R900NZDADBT","de","null","null","null","null","null","null"
"SM-R900NZDDWEU","de","null","null","null","null","null","null"
"RL38T630DS9","de","null","null","null","null","null","null"
"SM-R905FZSADBT","de","null","null","null","null","null","null"
"SM-R905FZAADBT","de","null","null","null","null","null","null"
"SM-R905FZDADBT","de","null","null","null","null","null","null"
"RR39A746339","de","null","null","null","null","null","null"
"SM-R910NZSDWEU","de","null","null","null","null","null","null"
"SM-R910NZADWEU","de","null","null","null","null","null","null"
"SM-R910NZBDWEU","de","null","null","null","null","null","null"
"SM-R910NZBADBT","de","null","null","null","null","null","null"
"SM-R910NZAADBT","de","null","null","null","null","null","null"
"SM-R910NZSADBT","de","null","null","null","null","null","null"
"MU-PC500R","de","null","null","null","null","null","null"
"SM-R915FZAADBT","de","null","null","null","null","null","null"
"SM-R915FZSADBT","de","null","null","null","null","null","null"
"SM-R915FZBADBT","de","null","null","null","null","null","null"
"EJ-M3400","de","null","null","null","null","null","null"
"GP-TYR905HCASW","de","null","null","null","null","null","null"
"GP-TYR905HCABW","de","null","null","null","null","null","null"
"SKK-UD","de","null","null","null","null","null","null"
"SM-R920NZKADBT","de","null","null","null","null","null","null"
"SM-R920NZTDWEU","de","null","null","null","null","null","null"
"SM-R920NZKDWEU","de","null","null","null","null","null","null"
"SM-R920NZTADBT","de","null","null","null","null","null","null"
"RL38A7B5BS9","de","null","null","null","null","null","null"
"SM-R925FZTADBT","de","null","null","null","null","null","null"
"SM-R925FZKADBT","de","null","null","null","null","null","null"
"EF-QX200","de","null","null","null","null","null","null"
"ET-SFR92LBEGEU","de","null","null","null","null","null","null"
"ET-SFR92LJEGEU","de","null","null","null","null","null","null"
"GP-TYR890BRB","de","null","null","null","null","null","null"
"ET-SRR87MWEGEU","de","null","null","null","null","null","null"
"EP-T1510N","de","null","null","null","null","null","null"
"ET-SXR90SKEGEU","de","null","null","null","null","null","null"
"ET-SXR90SJEGEU","de","null","null","null","null","null","null"
"ET-SXR90SSEGEU","de","null","null","null","null","null","null"
"VG-SCFT32","de","null","null","null","null","null","null"
"ET-SFR91LVEGEU","de","null","null","null","null","null","null"
"ET-SFR91LLEGEU","de","null","null","null","null","null","null"
"ET-SFR91LJEGEU","de","null","null","null","null","null","null"
"ET-SFR91LWEGEU","de","null","null","null","null","null","null"
"ET-SFR91LZEGEU","de","null","null","null","null","null","null"
"LS32BM80","de","null","null","null","null","null","null"
"ET-SFR90SLEGEU","de","null","null","null","null","null","null"
"ET-SFR90SVEGEU","de","null","null","null","null","null","null"
"ET-SFR90SZEGEU","de","null","null","null","null","null","null"
"ET-SFR90SJEGEU","de","null","null","null","null","null","null"
"ET-SFR90SWEGEU","de","null","null","null","null","null","null"
"VG-STCB","de","null","null","null","null","null","null"
"ET-STR91LJEGEU","de","null","null","null","null","null","null"
"ET-STR91LREGEU","de","null","null","null","null","null","null"
"ET-STR91LNEGEU","de","null","null","null","null","null","null"
"GQ43LS05","de","null","null","null","null","null","null"
"ET-STR90SREGEU","de","null","null","null","null","null","null"
"ET-STR90SNEGEU","de","null","null","null","null","null","null"
"ET-STR90SJEGEU","de","null","null","null","null","null","null"
"RZ32A748541","de","null","null","null","null","null","null"
"SM-G525FZKDEEB","de","null","null","null","null","null","null"
"EF-ZS908","de","null","null","null","null","null","null"
"SM-G715FZKDE28","de","null","null","null","null","null","null"
"EF-QS901","de","null","null","null","null","null","null"
"SM-G736BZKDEEB","de","null","null","null","null","null","null"
"EP-P5400B","de","null","null","null","null","null","null"
"SM-F711BLIBEUB","de","null","null","null","null","null","null"
"SM-F711BLVFEUB","de","null","null","null","null","null","null"
"SM-F711BLVBEUB","de","null","null","null","null","null","null"
"F27T350FHR","de","null","null","null","null","null","null"
"SM-F711BZEFEUB","de","null","null","null","null","null","null"
"SM-F711BZEBEUB","de","null","null","null","null","null","null"
"SM-F711BZGFEUB","de","null","null","null","null","null","null"
"SM-F711BLIEEUB","de","null","null","null","null","null","null"
"SM-F711BZGBEUB","de","null","null","null","null","null","null"
"SM-F711BZKBEUB","de","null","null","null","null","null","null"
"SM-F711BZKFEUB","de","null","null","null","null","null","null"
"VCA-SHF","de","null","null","null","null","null","null"
"F-B2-ValuePack4","de","null","null","null","null","null","null"
"F-B2-ValuePack5","de","null","null","null","null","null","null"
"F-B2-ValuePack3","de","null","null","null","null","null","null"
"F-B2-ValuePack2","de","null","null","null","null","null","null"
"F-B2-ValuePack1","de","null","null","null","null","null","null"
"U32J590UQR","de","null","null","null","null","null","null"
"SM-F711B1GFEUB","de","null","null","null","null","null","null"
"SM-F711B1SFEUB","de","null","null","null","null","null","null"
"SM-F711B1WFEUB","de","null","null","null","null","null","null"
"SM-F711B1VFEUB","de","null","null","null","null","null","null"
"SM-F711B1IFEUB","de","null","null","null","null","null","null"
"SM-F711B1LFEUB","de","null","null","null","null","null","null"
"SM-F711B1CFEUB","de","null","null","null","null","null","null"
"SM-F711B1OFEUB","de","null","null","null","null","null","null"
"SM-F711B1NFEUB","de","null","null","null","null","null","null"
"SM-F711B1TFEUB","de","null","null","null","null","null","null"
"SM-F711B1JFEUB","de","null","null","null","null","null","null"
"SM-F711B1EFEUB","de","null","null","null","null","null","null"
"SM-F711B1RFEUB","de","null","null","null","null","null","null"
"SM-F711B1FFEUB","de","null","null","null","null","null","null"
"SM-F711B1XFEUB","de","null","null","null","null","null","null"
"SM-F711B1QFEUB","de","null","null","null","null","null","null"
"SM-F711B1KFEUB","de","null","null","null","null","null","null"
"SM-F711B1PFEUB","de","null","null","null","null","null","null"
"SM-F711B1DFEUB","de","null","null","null","null","null","null"
"SM-F711B1MFEUB","de","null","null","null","null","null","null"
"SM-F711B1HFEUB","de","null","null","null","null","null","null"
"SM-F711B1BFEUB","de","null","null","null","null","null","null"
"SM-F711B1UFEUB","de","null","null","null","null","null","null"
"SM-F711B1YFEUB","de","null","null","null","null","null","null"
"MB-SD256H","de","null","null","null","null","null","null"
"SM-F711B4SFEUB","de","null","null","null","null","null","null"
"SM-F711B4UFEUB","de","null","null","null","null","null","null"
"SM-F711B4TFEUB","de","null","null","null","null","null","null"
"SM-F711B4QFEUB","de","null","null","null","null","null","null"
"SM-F711B4NFEUB","de","null","null","null","null","null","null"
"SM-F711B4EFEUB","de","null","null","null","null","null","null"
"SM-F711B4YFEUB","de","null","null","null","null","null","null"
"SM-F711B4CFEUB","de","null","null","null","null","null","null"
"SM-F711B4IFEUB","de","null","null","null","null","null","null"
"SM-F711B4WFEUB","de","null","null","null","null","null","null"
"SM-F711B4DFEUB","de","null","null","null","null","null","null"
"SM-F711B4GFEUB","de","null","null","null","null","null","null"
"SM-F711B4OFEUB","de","null","null","null","null","null","null"
"SM-F711B4PFEUB","de","null","null","null","null","null","null"
"SM-F711B4MFEUB","de","null","null","null","null","null","null"
"SM-F711B4BFEUB","de","null","null","null","null","null","null"
"SM-F711B4RFEUB","de","null","null","null","null","null","null"
"SM-F711B4KFEUB","de","null","null","null","null","null","null"
"SM-F711B4HFEUB","de","null","null","null","null","null","null"
"SM-F711B4XFEUB","de","null","null","null","null","null","null"
"SM-F711B4JFEUB","de","null","null","null","null","null","null"
"SM-F711B4AFEUB","de","null","null","null","null","null","null"
"SM-F711B4LFEUB","de","null","null","null","null","null","null"
"SM-F711B4VFEUB","de","null","null","null","null","null","null"
"SM-F711B4FFEUB","de","null","null","null","null","null","null"
"ET-YSN60","de","null","null","null","null","null","null"
"SM-F721BZAPEUB","de","null","null","null","null","null","null"
"SM-F721BLVPEUB","de","null","null","null","null","null","null"
"SM-F721BZAHEUB","de","null","null","null","null","null","null"
"SM-F721BLVHEUB","de","null","null","null","null","null","null"
"SM-F721BLBHEUB","de","null","null","null","null","null","null"
"SM-F721BZDHEUB","de","null","null","null","null","null","null"
"SM-F721BZDPEUB","de","null","null","null","null","null","null"
"SM-F721BLVGEUB","de","null","null","null","null","null","null"
"SM-F721BLBGEUB","de","null","null","null","null","null","null"
"SM-F721BLBPEUB","de","null","null","null","null","null","null"
"SM-F721BZDGEUB","de","null","null","null","null","null","null"
"SM-F721BZAGEUB","de","null","null","null","null","null","null"
"EF-QF721C","de","null","null","null","null","null","null"
"SM-F721B7KHEUB","de","null","null","null","null","null","null"
"SM-F721B2OHEUB","de","null","null","null","null","null","null"
"SM-F721B2BHEUB","de","null","null","null","null","null","null"
"SM-F721B5PHEUB","de","null","null","null","null","null","null"
"SM-F721B7RHEUB","de","null","null","null","null","null","null"
"SM-F721B7THEUB","de","null","null","null","null","null","null"
"SM-F721B2WHEUB","de","null","null","null","null","null","null"
"SM-F721B2IHEUB","de","null","null","null","null","null","null"
"SM-F721B5HHEUB","de","null","null","null","null","null","null"
"SM-F721B5OHEUB","de","null","null","null","null","null","null"
"SM-F721B4YHEUB","de","null","null","null","null","null","null"
"SM-F721B4SHEUB","de","null","null","null","null","null","null"
"SM-F721B7MHEUB","de","null","null","null","null","null","null"
"SM-F721B7IHEUB","de","null","null","null","null","null","null"
"SM-F721B7XHEUB","de","null","null","null","null","null","null"
"SM-F721B7YHEUB","de","null","null","null","null","null","null"
"SM-F721B2DHEUB","de","null","null","null","null","null","null"
"SM-F721B7PHEUB","de","null","null","null","null","null","null"
"SM-F721B5CHEUB","de","null","null","null","null","null","null"
"SM-F721B4THEUB","de","null","null","null","null","null","null"
"SM-F721B1YHEUB","de","null","null","null","null","null","null"
"SM-F721B2KHEUB","de","null","null","null","null","null","null"
"SM-F721B5RHEUB","de","null","null","null","null","null","null"
"SM-F721B7BHEUB","de","null","null","null","null","null","null"
"SM-F721B7HHEUB","de","null","null","null","null","null","null"
"SM-F721B2HHEUB","de","null","null","null","null","null","null"
"SM-F721B2PHEUB","de","null","null","null","null","null","null"
"SM-F721B7QHEUB","de","null","null","null","null","null","null"
"SM-F721B5DHEUB","de","null","null","null","null","null","null"
"SM-F721B2GHEUB","de","null","null","null","null","null","null"
"SM-F721B7NHEUB","de","null","null","null","null","null","null"
"SM-F721B4XHEUB","de","null","null","null","null","null","null"
"SM-F721B2LHEUB","de","null","null","null","null","null","null"
"SM-F721B7WHEUB","de","null","null","null","null","null","null"
"SM-F721B7JHEUB","de","null","null","null","null","null","null"
"SM-F721B2VHEUB","de","null","null","null","null","null","null"
"SM-F721B7EHEUB","de","null","null","null","null","null","null"
"SM-F721B2EHEUB","de","null","null","null","null","null","null"
"SM-F721B2RHEUB","de","null","null","null","null","null","null"
"SM-F721B2NHEUB","de","null","null","null","null","null","null"
"SM-F721B2FHEUB","de","null","null","null","null","null","null"
"SM-F721B7OHEUB","de","null","null","null","null","null","null"
"SM-F721B1SHEUB","de","null","null","null","null","null","null"
"SM-F721B7CHEUB","de","null","null","null","null","null","null"
"SM-F721B7FHEUB","de","null","null","null","null","null","null"
"SM-F721B5EHEUB","de","null","null","null","null","null","null"
"SM-F721B7GHEUB","de","null","null","null","null","null","null"
"SM-F721B5QHEUB","de","null","null","null","null","null","null"
"SM-F721B5FHEUB","de","null","null","null","null","null","null"
"SM-F721B7VHEUB","de","null","null","null","null","null","null"
"SM-F721B5BHEUB","de","null","null","null","null","null","null"
"SM-F721B5MHEUB","de","null","null","null","null","null","null"
"SM-F721B5VHEUB","de","null","null","null","null","null","null"
"SM-F721B5JHEUB","de","null","null","null","null","null","null"
"SM-F721B2AHEUB","de","null","null","null","null","null","null"
"SM-F721B5AHEUB","de","null","null","null","null","null","null"
"SM-F721B5KHEUB","de","null","null","null","null","null","null"
"SM-F721B7DHEUB","de","null","null","null","null","null","null"
"SM-F721B5NHEUB","de","null","null","null","null","null","null"
"SM-F721B2CHEUB","de","null","null","null","null","null","null"
"SM-F721B5GHEUB","de","null","null","null","null","null","null"
"SM-F721B1XHEUB","de","null","null","null","null","null","null"
"SM-F721B5WHEUB","de","null","null","null","null","null","null"
"SM-F721B7LHEUB","de","null","null","null","null","null","null"
"SM-F721B5IHEUB","de","null","null","null","null","null","null"
"SM-F721B7UHEUB","de","null","null","null","null","null","null"
"SM-F721B5UHEUB","de","null","null","null","null","null","null"
"SM-F721B1THEUB","de","null","null","null","null","null","null"
"SM-F721B2UHEUB","de","null","null","null","null","null","null"
"SM-F721B7SHEUB","de","null","null","null","null","null","null"
"SM-F721B2QHEUB","de","null","null","null","null","null","null"
"SM-F721B7AHEUB","de","null","null","null","null","null","null"
"SM-F721B2JHEUB","de","null","null","null","null","null","null"
"SM-F721B5LHEUB","de","null","null","null","null","null","null"
"SM-F721B2MHEUB","de","null","null","null","null","null","null"
"LS32BG850","de","null","null","null","null","null","null"
"EF-OF721CTEGWW","de","null","null","null","null","null","null"
"MU-PC2T0K","de","null","null","null","null","null","null"
"EF-QF721CTEGWW","de","null","null","null","null","null","null"
"SM-X800STD","de","null","null","null","null","null","null"
"EF-VF721LLEGWW","de","null","null","null","null","null","null"
"EF-VF721LBEGWW","de","null","null","null","null","null","null"
"EF-VF721LPEGWW","de","null","null","null","null","null","null"
"EF-PS918","de","null","null","null","null","null","null"
"EF-PF721TLEGWW","de","null","null","null","null","null","null"
"EF-PF721TPEGWW","de","null","null","null","null","null","null"
"EF-PF721TNEGWW","de","null","null","null","null","null","null"
"EF-PF721TVEGWW","de","null","null","null","null","null","null"
"EF-PF721TGEGWW","de","null","null","null","null","null","null"
"HW-S67B","de","null","null","null","null","null","null"
"EF-GF721TBEGWW","de","null","null","null","null","null","null"
"EF-GF721TWEGWW","de","null","null","null","null","null","null"
"EF-XG996","de","null","null","null","null","null","null"
"SM-F926BZKGEUB","de","null","null","null","null","null","null"
"SM-F926BZSGEUB","de","null","null","null","null","null","null"
"SM-F926BZGGEUB","de","null","null","null","null","null","null"
"SM-F926BZGDEUB","de","null","null","null","null","null","null"
"SM-T736B","de","null","null","null","null","null","null"
"F-Q2-ValuePack3","de","null","null","null","null","null","null"
"F-Q2-ValuePack4","de","null","null","null","null","null","null"
"F-Q2-ValuePack5","de","null","null","null","null","null","null"
"LS49AG954","de","null","null","null","null","null","null"
"SM-F936BDRCEUB","de","null","null","null","null","null","null"
"SM-F936BDRBEUB","de","null","null","null","null","null","null"
"EF-QG996","de","null","null","null","null","null","null"
"SM-F936BZEBEUB","de","null","null","null","null","null","null"
"SM-F936BZABEUB","de","null","null","null","null","null","null"
"SM-F936BZKCEUB","de","null","null","null","null","null","null"
"SM-F936BZECEUB","de","null","null","null","null","null","null"
"SM-F936BZENEUB","de","null","null","null","null","null","null"
"SM-F936BZKNEUB","de","null","null","null","null","null","null"
"SM-F936BZACEUB","de","null","null","null","null","null","null"
"SM-F936BZANEUB","de","null","null","null","null","null","null"
"SM-F936BZKBEUB","de","null","null","null","null","null","null"
"GP-XVF93","de","null","null","null","null","null","null"
"EF-UF93PCTEGWW","de","null","null","null","null","null","null"
"RB38A7B6AB1","de","null","null","null","null","null","null"
"LC32G54TQWRXEN","de","null","null","null","null","null","null"
"WMN4277","de","null","null","null","null","null","null"
"SM-R600NZKADBT","de","null","null","null","null","null","null"
"RR39A746341","de","null","null","null","null","null","null"
"MG23K3515AS/EG","de","null","null","null","null","null","null"
"WD9GT954ASE","de","null","null","null","null","null","null"
"GP-TYR880HCABW","de","null","null","null","null","null","null"
"RS6JA8810S9","de","null","null","null","null","null","null"
"GP-TYR890HCABW","de","null","null","null","null","null","null"
"VCA-SBT","de","null","null","null","null","null","null"
"VS15T7031R1/EN","de","null","null","null","null","null","null"
"MU-PC1T0T","de","null","null","null","null","null","null"
"EP-L4020NBEGEU","de","null","null","null","null","null","null"
"RL38A6B6C22","de","null","null","null","null","null","null"
"RL38C6B6C22","de","null","null","null","null","null","null"
"EF-VG988LJEGEU","de","null","null","null","null","null","null"
"SM-R880NZ","de","null","null","null","null","null","null"
"EF-NS901PBEGEW","de","null","null","null","null","null","null"
"EF-NS901PJEGEW","de","null","null","null","null","null","null"
"RL38A6B6C41","de","null","null","null","null","null","null"
"RL38C6B6C41","de","null","null","null","null","null","null"
"EF-NS906PBEGEW","de","null","null","null","null","null","null"
"EF-NS906PJEGEW","de","null","null","null","null","null","null"
"DV8GA6225","de","null","null","null","null","null","null"
"EF-NS908PBEGEW","de","null","null","null","null","null","null"
"EF-NS908PJEGEW","de","null","null","null","null","null","null"
"RL34A6B0DAP","de","null","null","null","null","null","null"
"LC49G94TSSRXZG","de","null","null","null","null","null","null"
"GP-TOU02","de","null","null","null","null","null","null"
"LC49RG94SSRXZG","de","null","null","null","null","null","null"
"EF-JS908","de","null","null","null","null","null","null"
"LC34G55TWWRXEN","de","null","null","null","null","null","null"
"VR30T85513W","de","null","null","null","null","null","null"
"MB-MD128KB/WW","de","null","null","null","null","null","null"
"BRB2G615FWW","de","null","null","null","null","null","null"
"BRB2G715FWW","de","null","null","null","null","null","null"
"EF-RA536CNEGWW","de","null","null","null","null","null","null"
"EF-RA536CWEGWW","de","null","null","null","null","null","null"
"ET-SFR86","de","null","null","null","null","null","null"
"ET-SFR86S","de","null","null","null","null","null","null"
"EF-RX800CBEGWW","de","null","null","null","null","null","null"
"MZ-V8P1T0","de","null","null","null","null","null","null"
"LC49RG94SSUXZG","de","null","null","null","null","null","null"
"EF-UX800","de","null","null","null","null","null","null"
"RL38T602DSA/EG","de","null","null","null","null","null","null"
"SM-S916B-MTO","de","null","null","null","null","null","null"
"RL38T672ESA/EG","de","null","null","null","null","null","null"
"MZ-77E2T0","de","null","null","null","null","null","null"
"RL34T600CWW/EG","de","null","null","null","null","null","null"
"S28AG700NU","de","null","null","null","null","null","null"
"RZ32M7005WW/EG","de","null","null","null","null","null","null"
"ET-SXR86S","de","null","null","null","null","null","null"
"EJ-PP610BJEGEU","de","null","null","null","null","null","null"
"MG23K3614","de","null","null","null","null","null","null"
"EJ-PS908BQEGEU","de","null","null","null","null","null","null"
"EJ-PS908BWEGEU","de","null","null","null","null","null","null"
"EJ-PS908BBEGEU","de","null","null","null","null","null","null"
"EJ-PS908BGEGEU","de","null","null","null","null","null","null"
"EF-ZG998","de","null","null","null","null","null","null"
"EJ-PT870BJEGEU","de","null","null","null","null","null","null"
"C34H890WGR","de","null","null","null","null","null","null"
"EJ-P5450SBEGEU","de","null","null","null","null","null","null"
"ADIDAS-S22Po","de","null","null","null","null","null","null"
"EF-EA336PWEGEW","de","null","null","null","null","null","null"
"EF-EA336PBEGEW","de","null","null","null","null","null","null"
"EF-PS911","de","null","null","null","null","null","null"
"EF-EA536PBEGEW","de","null","null","null","null","null","null"
"EF-EA536PWEGEW","de","null","null","null","null","null","null"
"VS15T7036R5","de","null","null","null","null","null","null"
"RS6GA8532SL/EG","de","null","null","null","null","null","null"
"WD70TA049BE","de","null","null","null","null","null","null"
"RS6GA8842B1/EG","de","null","null","null","null","null","null"
"HAF-CIN","de","null","null","null","null","null","null"
"RS6EA8822S9/EG","de","null","null","null","null","null","null"
"RH69B894","de","null","null","null","null","null","null"
"VG-SCFT32ST/XC","de","null","null","null","null","null","null"
"VG-SCFT32NP/XC","de","null","null","null","null","null","null"
"VG-SCFT32BW/XC","de","null","null","null","null","null","null"
"VG-SCFT32BL/XC","de","null","null","null","null","null","null"
"VG-SCFT32VL/XC","de","null","null","null","null","null","null"
"VG-SCFT32WT/XC","de","null","null","null","null","null","null"
"VG-SCFT32BE/XC","de","null","null","null","null","null","null"
"FG87SUG","de","null","null","null","null","null","null"
"SKK-DDX","de","null","null","null","null","null","null"
"SKK-DD","de","null","null","null","null","null","null"
"C34G55TWWR","de","null","null","null","null","null","null"
"SKK-UDW","de","null","null","null","null","null","null"
"SKK-UDX","de","null","null","null","null","null","null"
"NZ64M3NM1BB","de","null","null","null","null","null","null"
"NZ64T9777TK","de","null","null","null","null","null","null"
"NZ64T9787TK","de","null","null","null","null","null","null"
"LS32BM80BUUXEN","de","null","null","null","null","null","null"
"LS32BM801UUXEN","de","null","null","null","null","null","null"
"LS32BM80PUUXEN","de","null","null","null","null","null","null"
"LS32BM80GUUXEN","de","null","null","null","null","null","null"
"DV9EBBA245AE","de","null","null","null","null","null","null"
"MZ-77Q2T0BW","de","null","null","null","null","null","null"
"RF65A96768A","de","null","null","null","null","null","null"
"F-TS8P-ValuePack3","de","null","null","null","null","null","null"
"NV75A667NRK","de","null","null","null","null","null","null"
"F-TS8N-ValuePack4","de","null","null","null","null","null","null"
"RL38T600DB1","de","null","null","null","null","null","null"
"RL38T603DB1","de","null","null","null","null","null","null"
"RL38T776CB1","de","null","null","null","null","null","null"
"EE-GN930BWEGWW","de","null","null","null","null","null","null"
"EE-GN930BBEGWW","de","null","null","null","null","null","null"
"EE-GN930KWEGWW","de","null","null","null","null","null","null"
"NV7B6675CDN","de","null","null","null","null","null","null"
"EO-IC100BWEGEU","de","null","null","null","null","null","null"
"EO-IC100BBEGEU","de","null","null","null","null","null","null"
"NK36N5703BS","de","null","null","null","null","null","null"
"WMN4070TT/XC","de","null","null","null","null","null","null"
"SM-A136B","de","null","null","null","null","null","null"
"WMN4277TT/XC","de","null","null","null","null","null","null"
"EP-P2400","de","null","null","null","null","null","null"
"WW90T4042CE/EG","de","null","null","null","null","null","null"
"SM-R510N","de","null","null","null","null","null","null"
"WW80T4543TE/EG","de","null","null","null","null","null","null"
"MG22M8074AT","de","null","null","null","null","null","null"
"WW11BGA049AEEG","de","null","null","null","null","null","null"
"WW11BGA049TEEG","de","null","null","null","null","null","null"
"WW11BGA049AXEG","de","null","null","null","null","null","null"
"EF-BX200","de","null","null","null","null","null","null"
"WW91T956ASE/S2","de","null","null","null","null","null","null"
"C32R500FHR","de","null","null","null","null","null","null"
